{"cameraMode":{"drawMode":0,"name":"Shaded","section":"Shading Mode"},"sceneLighting":true,"audioPlay":false,"sceneViewState":{"showFog":true,"showMaterialUpdate":false,"showSkybox":true,"showFlares":true,"showImageEffects":true,"showParticleSystems":true},"in2DMode":false,"pivot":{"x":57.12144088745117,"y":-97.38349914550781,"z":133.66371154785157},"rotation":{"x":-0.2902320921421051,"y":-0.22575348615646363,"z":0.07065847516059876,"w":-0.927361786365509},"size":198.65174865722657,"orthographic":false}