{"cameraMode":{"drawMode":0,"name":"Shaded","section":"Shading Mode"},"sceneLighting":true,"audioPlay":false,"sceneViewState":{"showFog":true,"showMaterialUpdate":false,"showSkybox":true,"showFlares":true,"showImageEffects":true,"showParticleSystems":true},"in2DMode":false,"pivot":{"x":2.2802886962890627,"y":-51.68559265136719,"z":41.17525100708008},"rotation":{"x":-0.3597581386566162,"y":-0.1114746704697609,"z":0.04359864071011543,"w":-0.9253941774368286},"size":90.35084533691406,"orthographic":false}